{
    "V_limit": 4e-05,
    "Tenzo2": [
        -1584.9934430176666,
        -65560.56269329405
    ],
    "Tenzo1": [
        -1.720181507190576,
        64767.25309307529
    ],
    "FutekL": [
        -0.04294124635957996,
        -859.1414495623231
    ],
    "Futek0": [
        -0.09091125990803822,
        -853.8341086623499
    ],
    "Futek1": [
        -0.16000308560836787,
        -853.4320864692254
    ],
    "TenzoR": [
        -1563.0309911984484,
        -64630.17496368283
    ],
    "FutekM": [
        -0.06492059057382767,
        522.7779078392575
    ],
    "FutekR": [
        -0.01435048394476028,
        1043.861041503974
    ]
}